Cluster,Customer ID,Recency,Frequency,Monetary
0,15272.107119095142,221.27877578176978,5.1836327345309385,2005.6504311377248
1,15270.027074235808,25.687336244541484,19.765938864628822,11056.039569432314
2,15328.902857142857,26.56734693877551,3.0848979591836736,862.732907755102
3,15365.261346633417,390.5296758104738,1.3800498753117207,321.345910723192
